"mu","Sigma1","Sigma2"
228.078994086792,1101.32349997819,-2423.67557585942
3969.18080097565,-2423.67557585942,1851053.1702873
