"","wn.mu","wn.sigma1","wn.sigma2","maha.mu","maha.sigma1","maha.sigma2"
"bio1",162.682504139817,1628.9972316506,9478.041343197,184.916129032258,1043.24616673649,5161.78961038961
"bio12",1258.53733685714,9478.041343197,362314.040986415,1145.2,5161.78961038961,286828.823376623
