"mu","Sigma1","Sigma2"
227.244099254177,731.423487165066,-9324.02891998351
3746.96455608425,-9324.02891998351,1600565.89657171
