"mu","Sigma1","Sigma2"
235.587228998505,1456.2832083046,-2578.37187272253
3725.32497802652,-2578.37187272253,1898922.31661005
