"mu","Sigma1","Sigma2"
231.9666169137,1100.19980770509,-10573.4090295353
3881.19960833855,-10573.4090295353,2218248.21076937
