"mu","Sigma1","Sigma2"
233.089510973569,1513.03965529649,-5845.9065573392
3554.98896405382,-5845.9065573392,1652234.40580668
